<!--
whitelibraries.xml is part of pestudio (www.winitor.com)
It contains the libraries that will be whitelisted by pestudio.
-->
<xml version="1.0" encoding="utf-8">

  <libs>
    <lib md5="">sysmon.exe</lib>
    <lib md5="">regjump.exe</lib>
    <lib md5="">wget.exe</lib>
    <lib md5="">procexp.exe</lib>
    <lib md5="">autorunsc.exe</lib>
    <lib md5="">autoruns.exe</lib>
    <lib md5="">sigcheck.exe</lib>
    <lib md5="">advapi32.dll</lib>
    <lib md5="">msvcrt.dll</lib>
    <lib md5="">mfc42.dll</lib>
    <lib md5="">mscoree.dll</lib>
    <lib md5="">pestudio.exe</lib>
    <lib md5="">pestudiox.exe</lib>
    <lib md5="">peparser.dll</lib>
    <lib md5="F4CD850FDAB64FFBBCC249374BA17F5B"></lib>
    <lib md5="7A276034BE0F4189E2F6CEA85054F492"></lib>
    <lib md5="CF1D2295B6DD515BFDF78D17FA2DC211"></lib>
    <lib md5="EEC7392B69A730D33B1544828524B430"></lib>
    <lib md5="90D5434242452C8C92E4A8FA9CFFC834"></lib>
    <lib md5="95D900B1252DD387C5B659D0F96E4152"></lib>
    <lib md5="8F63D3DB731BD3F4BFB4A7F7CFAEA1D3"></lib>
    <lib md5="839E04BCAE3FD1FE291B5EAB52881D69"></lib>
    <lib md5="D73D571A5AEF3200B96A060A65C61F76"></lib>
    <lib md5="2DAF1731A644116D0965C0CA4B51C082"></lib>
    <lib md5="692E49BAC94A83EA5B5DF1DAB55902F9"></lib>
    <lib md5="D7CBBEDFAD7AD68E12BF6FFCC01C3080"></lib>
    <lib md5="8824F868C845CD3430767501438986EB"></lib>
    <lib md5="3A582BF6FD39DC6A52AAF316126B40BA"></lib>
    <lib md5="3B8A306B76EDEBB1897148A626B01B18"></lib>
    <lib md5="D5E37313F68ED509483286DAC8BDE28C"></lib>
    <lib md5="6173C16AFC0DACD8DDD68913AC66DEEB"></lib>
    <lib md5="15680D7B39C85A5F5D1AF1AD036BD7B3"></lib>
    <lib md5="CB12CDFBC038C0A5756F0CD2244069E0"></lib>
    <lib md5="371E896D818784934BD1456296B99CBE"></lib>
    <lib md5="D081D5532D4DE8432B584D9E74B6E70B"></lib>
    <lib md5="CD4EF5837EA80A902C5BBB357A666770"></lib>
    <lib md5="5F2122888583347C9B81724CF169EFC6"></lib>
    <lib md5="C191C746CD975CE2DD5F8B5E009F8385"></lib>
    <lib md5="0222ABCC607EC3FFF3B5CA1E3EC06860"></lib>
    <lib md5="A43B937C580F5DFC43EF63EF72992FE9"></lib>
    <lib md5="DA24EDFC1D6C1B67C010D34652B7052F"></lib>
    <lib md5="6098BA465FDF34F41E6DE0BAAC24F084"></lib>
    <lib md5="2E4FDCAA39CE06CF8A4681A32C4A8D41"></lib>
    <lib md5="FF89AC4A986B1B60EEA28CE8250AA726"></lib>
    <lib md5="EBAE5AD60603BA61CADFDADA4B1AD295"></lib>
    <lib md5="8873CADF101E4552E913F02A46ABE47A"></lib>
    <lib md5="F5F647C9D26434FE2960A807FE65AE40"></lib>
    <lib md5="2309E09B6B5668E9219C85E33B970FB7"></lib>
    <lib md5="9E43D1A02DB51CEAD74B691EDE7327F4"></lib>
    <lib md5="790616CF7854D0F8E0773B894262AA00"></lib>
    <lib md5="CE8272F2C211F9FD407929CDDE8D1158"></lib>
    <lib md5="15CF9B9C8FE7D7DD8EC835156AE3C52A"></lib>
    <lib md5="6BD4D7F68924301051C22E8A951AECBA"></lib>
    <lib md5="F157D08FD3EA1CAE564325F09C602FD1"></lib>
    <lib md5="506708142BC63DABA64F2D3AD1DCD5BF"></lib>
    <lib md5="BE19B603DFBAA829EE5B7749B3BA97DB"></lib>
    <lib md5="EB1BAFF8F350C9297B284AFF6DFE22E0"></lib>
    <lib md5="685824CAFB264AEED32A0D2126A019CB"></lib>
    <lib md5="E2BB7AE580B4E6322289B11910E0E947"></lib>
    <lib md5="3E5223A6AC897D866ACBD2D9DB6DB688"></lib>
    <lib md5="64E56206F4E7124D8120D1B8F3F9160E"></lib>
    <lib md5="7771F2D9DC83ED055D78424003B01DC4"></lib>
    <lib md5="A1BEDC839FDC2E388A7F40B42F67A8AB"></lib>
    <lib md5="FA65486D908171A7B9430A755300C028"></lib>
    <lib md5="F400669EA3A973DC17C47AEC332A7D52"></lib>
    <lib md5="1D8732BE4EB5DC5FBFA81C1289E7D6CB"></lib>
    <lib md5="9B183AC0B0C513529D1E42EFD785106A"></lib>
    <lib md5="E4DA42310D5D50867E98B6F2D8615CF0"></lib>
    <lib md5="37BF71F8BBB696CB0FF0DB9002E31696"></lib>
    <lib md5="C95086DFD00FFC4760C53E77BA0A8FB0"></lib>
    <lib md5="9085758A20D78FFC737DB9FDA4CF2ECA"></lib>
    <lib md5="F0F08D038581E91CA896F3B43E4516BD"></lib>
    <lib md5="8D4AEC178A5C121D42AF14A59772577E"></lib>
    <lib md5="86316BE34481C1ED5B792169312673FD"></lib>
    <lib md5="A5DAD332DDD9326AE54448409089A189"></lib>
    <lib md5="1AF01465AE9B8874D76B3B90A74DB698"></lib>
    <lib md5="DBE287EB8D58E6322E9FB67110ED7122"></lib>
    <lib md5="98C46778FE9B96B73E1B0ECFF17E0DB5"></lib>
    <lib md5="F5A342E2A5173FCB363ECEF75812EB5C"></lib>
    <lib md5="B1D332585A6AAD3EF3D8A10A48FF8A3B"></lib>
    <lib md5="7043AB955770A79916E0BE2E298C21DA"></lib>
    <lib md5="C74259CD6EE524E3833CCE1291A7BF81"></lib>
    <lib md5="2D55C5E512B6AC22FE9999B91BABEC38"></lib>
    <lib md5="AC0A46FE6CF7A7A894EAF278E25FDF97"></lib>
    <lib md5="F78A34C2E5A57A4B2667CF3FD5253ABB"></lib>
    <lib md5="CC9605F35F87E1CB0D6F4321D390F73A"></lib>
    <lib md5="08F489B5A7B1D6966B36D7C126B96B53"></lib>
    <lib md5="E6CE0287A0715A518716092F309915F3"></lib>
    <lib md5="3AA5C37D509A4D85697CDB1EB403CF03"></lib>
    <lib md5="241A2BFEA47D83AE9C0EACCFCB36A3F1"></lib>
    <lib md5="574B13CA506F863A2FB8446947B06D90"></lib>
  </libs>
</xml>
